{"cameraMode":{"drawMode":0,"name":"Shaded","section":"Shading Mode"},"sceneLighting":false,"audioPlay":false,"sceneViewState":{"m_AlwaysRefresh":false,"showFog":true,"showSkybox":false,"showFlares":true,"showImageEffects":true,"showParticleSystems":true,"showVisualEffectGraphs":true,"m_FxEnabled":true},"in2DMode":false,"pivot":{"x":21.0565242767334,"y":0.6971129179000855,"z":-2.541412830352783},"rotation":{"x":0.6985700726509094,"y":-0.0010733110830187798,"z":0.0010478560579940677,"w":0.7155401706695557},"size":0.37613582611083987,"orthographic":true}