{"cameraMode":{"drawMode":0,"name":"Shaded","section":"Shading Mode"},"sceneLighting":true,"audioPlay":false,"sceneViewState":{"m_AlwaysRefresh":false,"showFog":true,"showSkybox":true,"showFlares":true,"showImageEffects":true,"showParticleSystems":true,"showVisualEffectGraphs":true,"m_FxEnabled":true},"in2DMode":false,"pivot":{"x":0.19789527356624604,"y":1.005443811416626,"z":-2.563671827316284},"rotation":{"x":0.042541682720184329,"y":0.7649558782577515,"z":-0.6406731009483337,"w":0.050790902227163318},"size":0.06872105598449707,"orthographic":false}