{"cameraMode":{"drawMode":0,"name":"Shaded","section":"Shading Mode"},"sceneLighting":true,"audioPlay":false,"sceneViewState":{"m_AlwaysRefresh":false,"showFog":true,"showSkybox":true,"showFlares":true,"showImageEffects":true,"showParticleSystems":true,"showVisualEffectGraphs":true,"m_FxEnabled":true},"in2DMode":false,"pivot":{"x":23.750774383544923,"y":0.7488809823989868,"z":-4.050437927246094},"rotation":{"x":-0.09914380311965943,"y":0.8761681914329529,"z":-0.20444220304489137,"w":-0.42514365911483767},"size":1.883023738861084,"orthographic":false}