{"cameraMode":{"drawMode":0,"name":"Shaded","section":"Shading Mode"},"sceneLighting":true,"audioPlay":false,"sceneViewState":{"m_AlwaysRefresh":false,"showFog":true,"showSkybox":true,"showFlares":true,"showImageEffects":true,"showParticleSystems":true,"showVisualEffectGraphs":true,"m_FxEnabled":true},"in2DMode":false,"pivot":{"x":15.779522895812989,"y":3.124990940093994,"z":-1.5116283893585206},"rotation":{"x":-0.07460489869117737,"y":0.7338076233863831,"z":-0.08071104437112808,"w":-0.6708462238311768},"size":11.564286231994629,"orthographic":false}